lab_name,office,fy25_enacted_k,fy26_enacted_k,fy27_request_k
Ames Laboratory,Science,17417,18157,15432
Ames Laboratory,Critical Minerals and Energy Innovation,29862,30155,30000
Ames Laboratory,Hydrocarbons and Geothermal Energy,447,379,283
Ames Laboratory,Nuclear Energy,0,184,0
Ames Site Office,Science,887,841,738
Argonne National Laboratory,Weapons Activities,9075,12500,22000
Argonne National Laboratory,Defense Nuclear Nonproliferation,60888,45654,47541
Argonne National Laboratory,Science,652638,693227,594765
Argonne National Laboratory,Critical Minerals and Energy Innovation,157587,96554,34602
Argonne National Laboratory,Electricity,12229,8136,7845
Argonne National Laboratory,"Cybersecurity, Energy Security, and Emergency Response",3562,4705,3793
Argonne National Laboratory,Hydrocarbons and Geothermal Energy,5214,4775,3738
Argonne National Laboratory,Nuclear Energy,36839,41746,37203
Argonne National Laboratory,Other Defense Activities,1900,2879,2879
Argonne National Laboratory,Office of Technology Commercialization,89,0,0
Argonne Site Office,Science,4603,4358,3810
Berkeley Site Office,Science,3688,3657,3256
Bettis Atomic Power Laboratory,Naval Reactors,603044,623170,611636
Brookhaven National Laboratory,Weapons Activities,425,615,500
Brookhaven National Laboratory,Defense Nuclear Nonproliferation,15901,13885,15135
Brookhaven National Laboratory,Federal Salaries and Expenses,0,7,7
Brookhaven National Laboratory,Science,650678,720079,626046
Brookhaven National Laboratory,Critical Minerals and Energy Innovation,5260,3330,0
Brookhaven National Laboratory,Electricity,1900,950,1000
Brookhaven National Laboratory,Hydrocarbons and Geothermal Energy,171,53,53
Brookhaven National Laboratory,Nuclear Energy,1526,1726,1383
Brookhaven National Laboratory,Other Defense Activities,25,30,30
Brookhaven National Laboratory,Office of Technology Commercialization,49,0,0
Brookhaven Site Office,Science,5043,4972,4421
Carlsbad Area Office,Defense Nuclear Nonproliferation,250,80,196
Carlsbad Area Office,Federal Salaries and Expenses,0,1,1
Carlsbad Area Office,Defense Environmental Cleanup,28188,24334,24897
Chicago Operations Office,Weapons Activities,2000,0,0
Chicago Operations Office,Federal Salaries and Expenses,0,7,7
Chicago Operations Office,Science,0,0,944
Chicago Operations Office,Nuclear Energy,1,0,0
Consolidated Business Center,Defense Environmental Cleanup,41212,37391,38443
Consolidated Service Center - Illinois,Departmental Administration,21613,21700,22500
Consolidated Service Center - Tennessee,Science,56599,56567,53275
East Tennessee Technology Park (K25),Defense Environmental Cleanup,14000,14000,17000
East Tennessee Technology Park (K25),Uranium Enrichment D&D,100792,85115,75115
Energy Technology Engineering Center,Non-Defense Environmental Cleanup,10000,10000,10000
Fermi National Accelerator Laboratory,Defense Nuclear Nonproliferation,1050,847,963
Fermi National Accelerator Laboratory,Science,762533,723454,800831
Fermi National Accelerator Laboratory,Critical Minerals and Energy Innovation,270,178,255
Fermi National Accelerator Laboratory,Hydrocarbons and Geothermal Energy,1501,891,719
Fermi Site Office,Science,4980,4921,4372
Fernald Environmental Management Project,Defense Environmental Cleanup,500,100,100
Fernald Site,Other Defense Activities,11488,9300,9073
Golden Field Office,Critical Minerals and Energy Innovation,606266,517360,107569
Golden Field Office,Hydrocarbons and Geothermal Energy,273629,84123,84123
Golden Field Office,Office of Technology Commercialization,90,0,0
Grand Junction Office,Other Defense Activities,59694,75635,80591
Hanford Site,Defense Environmental Cleanup,1119234,1160956,994124
Hanford Site,Non-Defense Environmental Cleanup,3200,3200,3200
Idaho National Laboratory,Weapons Activities,4023,3439,3134
Idaho National Laboratory,Defense Nuclear Nonproliferation,106082,60974,72378
Idaho National Laboratory,Naval Reactors,92800,96740,98770
Idaho National Laboratory,Science,3600,3600,2128
Idaho National Laboratory,Critical Minerals and Energy Innovation,170507,128223,1698
Idaho National Laboratory,Electricity,7955,6350,4800
Idaho National Laboratory,"Cybersecurity, Energy Security, and Emergency Response",24084,20520,17875
Idaho National Laboratory,Hydrocarbons and Geothermal Energy,3406,2368,1730
Idaho National Laboratory,Nuclear Energy,865641,858714,911866
Idaho National Laboratory,Other Defense Activities,570,435,435
Idaho National Laboratory,Defense Environmental Cleanup,481011,492779,480021
Idaho National Laboratory,Non-Defense Environmental Cleanup,11500,12500,12500
Idaho Operations Office,Science,369,369,369
Idaho Operations Office,Nuclear Energy,162968,294834,212331
Idaho Operations Office,Nuclear Waste,396,500,500
Idaho Operations Office,Departmental Administration,0,2000,2000
Idaho Operations Office,Office of Technology Commercialization,87,0,0
Idaho Operations Office,Defense Environmental Cleanup,8316,9472,9586
Kansas City National Security Complex (KCNSC),Weapons Activities,1339653,1535331,2094205
Kansas City National Security Complex (KCNSC),Defense Nuclear Nonproliferation,47181,54178,81391
Kansas City National Security Complex (KCNSC),Other Defense Activities,224,126,126
Kansas City Field Office,Federal Salaries and Expenses,10336,10807,10990
Knolls Atomic Power Laboratory,Naval Reactors,732607,652043,630690
Lawrence Berkeley National Laboratory,Weapons Activities,3306,5000,5513
Lawrence Berkeley National Laboratory,Defense Nuclear Nonproliferation,18835,22011,23042
Lawrence Berkeley National Laboratory,Science,866491,890271,765944
Lawrence Berkeley National Laboratory,Critical Minerals and Energy Innovation,87704,95344,13541
Lawrence Berkeley National Laboratory,Electricity,11085,6300,4850
Lawrence Berkeley National Laboratory,"Cybersecurity, Energy Security, and Emergency Response",400,1500,724
Lawrence Berkeley National Laboratory,Hydrocarbons and Geothermal Energy,35975,12954,12211
Lawrence Berkeley National Laboratory,Nuclear Energy,3150,550,5150
Lawrence Berkeley National Laboratory,Other Defense Activities,295,29,29
Lawrence Livermore National Laboratory,Weapons Activities,2404909,2295485,2837204
Lawrence Livermore National Laboratory,Defense Nuclear Nonproliferation,259034,250798,282966
Lawrence Livermore National Laboratory,Federal Salaries and Expenses,1043,1043,1043
Lawrence Livermore National Laboratory,Science,56022,51364,38185
Lawrence Livermore National Laboratory,Critical Minerals and Energy Innovation,20345,5262,0
Lawrence Livermore National Laboratory,Electricity,16415,9416,8700
Lawrence Livermore National Laboratory,"Cybersecurity, Energy Security, and Emergency Response",42754,22790,26098
Lawrence Livermore National Laboratory,Hydrocarbons and Geothermal Energy,9623,5883,4682
Lawrence Livermore National Laboratory,Nuclear Energy,325,0,310
Lawrence Livermore National Laboratory,Other Defense Activities,2540,2480,2480
Lawrence Livermore National Laboratory,Defense Environmental Cleanup,1879,1955,1955
Lexington Office,Other Defense Activities,530,530,530
Livermore Field Office,Weapons Activities,300,0,0
Livermore Field Office,Federal Salaries and Expenses,18104,16922,17737
Los Alamos National Laboratory,Weapons Activities,4123791,4336209,6033093
Los Alamos National Laboratory,Defense Nuclear Nonproliferation,409287,377369,345415
Los Alamos National Laboratory,Science,83928,84714,43004
Los Alamos National Laboratory,Critical Minerals and Energy Innovation,10767,9682,4191
Los Alamos National Laboratory,Electricity,6949,5089,5300
Los Alamos National Laboratory,"Cybersecurity, Energy Security, and Emergency Response",800,1000,681
Los Alamos National Laboratory,Hydrocarbons and Geothermal Energy,27888,13398,10460
Los Alamos National Laboratory,Nuclear Energy,17178,15820,14555
Los Alamos National Laboratory,Nuclear Waste,500,500,500
Los Alamos National Laboratory,Other Defense Activities,481,540,540
Los Alamos National Laboratory,Defense Environmental Cleanup,304479,280937,295937
Los Alamos Field Office,Weapons Activities,14,0,25
Los Alamos Field Office,Federal Salaries and Expenses,21207,18556,20367
Michigan State University,Science,0,15000,0
Moab Site,Non-Defense Environmental Cleanup,74420,64265,64265
Mound Site,Other Defense Activities,10274,8729,7042
National Energy Technology Lab,Weapons Activities,110023,47896,143184
National Energy Technology Lab,Defense Nuclear Nonproliferation,175,1187,920
National Energy Technology Lab,Federal Salaries and Expenses,695,695,695
National Energy Technology Lab,Critical Minerals and Energy Innovation,57811,50184,59390
National Energy Technology Lab,Electricity,16314,16366,4607
National Energy Technology Lab,Grid Deployment Office,0,0,-1000
National Energy Technology Lab,"Cybersecurity, Energy Security, and Emergency Response",19843,15927,14318
National Energy Technology Lab,Hydrocarbons and Geothermal Energy,568440,478828,406628
National Energy Technology Lab,Petroleum Reserves,300,300,300
National Energy Technology Lab,Departmental Administration,100,150,150
National Energy Technology Lab,Other Defense Activities,1991,2007,2011
National Energy Technology Lab,Title XVII Loan Guarantee,500,300,300
National Laboratory of the Rockies,Science,12491,10469,4371
National Laboratory of the Rockies,Critical Minerals and Energy Innovation,449673,465667,213000
National Laboratory of the Rockies,Electricity,32511,10716,10550
National Laboratory of the Rockies,Grid Deployment Office,0,0,-1000
National Laboratory of the Rockies,"Cybersecurity, Energy Security, and Emergency Response",6193,6958,5309
National Laboratory of the Rockies,Hydrocarbons and Geothermal Energy,37557,15368,12647
National Laboratory of the Rockies,Nuclear Energy,186,107,0
National Laboratory of the Rockies,Departmental Administration,500,500,500
National Laboratory of the Rockies,Office of Technology Commercialization,3540,0,0
National Laboratory of the Rockies,Title XVII Loan Guarantee,800,300,300
National Laboratory of the Rockies,Advanced Technology Vehicles Manufacturing Loan,100,0,0
Naval Petroleum Reserve No 1,Petroleum Reserves,11010,11010,11000
Naval Reactors Facility,Weapons Activities,709,1530,859
Naval Reactors Facility,Naval Reactors,443771,677218,957722
Naval Reactors Laboratory Field Office,Naval Reactors,17460,17460,20383
Naval Research Laboratory,Weapons Activities,2745,2900,3650
Nevada Field Office,Weapons Activities,1561,1475,1318
Nevada Field Office,Defense Nuclear Nonproliferation,415,410,455
Nevada Field Office,Federal Salaries and Expenses,19242,16783,17839
Nevada Field Office,Nuclear Energy,1880,1675,1675
Nevada Field Office,Defense Environmental Cleanup,2610,2717,2750
Nevada National Security Site,Weapons Activities,746357,688341,1210828
Nevada National Security Site,Defense Nuclear Nonproliferation,102127,98918,113075
Nevada National Security Site,Federal Salaries and Expenses,0,3,3
Nevada National Security Site,Hydrocarbons and Geothermal Energy,25,25,26
Nevada National Security Site,Defense Environmental Cleanup,58200,61835,59659
Nevada Operations Office,Defense Environmental Cleanup,5177,3000,5176
NNSA Albuquerque Complex,Weapons Activities,731597,1128182,909127
NNSA Albuquerque Complex,Defense Nuclear Nonproliferation,138262,147051,166799
NNSA Albuquerque Complex,Federal Salaries and Expenses,5900,5900,5900
NNSA Albuquerque Complex,Departmental Administration,6984,4820,5570
NNSA Albuquerque Complex,Other Defense Activities,300,300,300
NNSA Albuquerque Complex,Defense Environmental Cleanup,4616,6105,6179
Oak Ridge Institute for Science and Education,Weapons Activities,0,17,0
Oak Ridge Institute for Science and Education,Defense Nuclear Nonproliferation,3662,3495,4248
Oak Ridge Institute for Science and Education,Science,4538,4841,2477
Oak Ridge Institute for Science and Education,Critical Minerals and Energy Innovation,21065,16676,9330
Oak Ridge Institute for Science and Education,Hydrocarbons and Geothermal Energy,14229,12355,7807
Oak Ridge Institute for Science and Education,Other Defense Activities,589,745,745
Oak Ridge National Laboratory,Weapons Activities,42117,77034,102097
Oak Ridge National Laboratory,Defense Nuclear Nonproliferation,194670,191172,211431
Oak Ridge National Laboratory,Federal Salaries and Expenses,0,7,7
Oak Ridge National Laboratory,Science,1196410,1244270,1053046
Oak Ridge National Laboratory,Critical Minerals and Energy Innovation,129995,108990,35100
Oak Ridge National Laboratory,Electricity,29042,22590,20716
Oak Ridge National Laboratory,"Cybersecurity, Energy Security, and Emergency Response",12580,22140,13346
Oak Ridge National Laboratory,Hydrocarbons and Geothermal Energy,15960,17044,8115
Oak Ridge National Laboratory,Petroleum Reserves,600,600,600
Oak Ridge National Laboratory,Nuclear Energy,50196,65645,54546
Oak Ridge National Laboratory,Other Defense Activities,1830,1963,1963
Oak Ridge National Laboratory,Tribal Energy Loan Guarantee,10,0,0
Oak Ridge National Laboratory,Advanced Technology Vehicles Manufacturing Loan,100,100,100
Oak Ridge National Laboratory,Defense Environmental Cleanup,445673,463000,359297
Oak Ridge National Laboratory Site Office,Science,8358,8169,7224
Oak Ridge National Laboratory Site Office,Title XVII Loan Guarantee,200,300,900
Oak Ridge Office,Nuclear Energy,15311,15126,12150
Oak Ridge Office,Defense Environmental Cleanup,18477,17408,17630
Oak Ridge Reservation,Defense Environmental Cleanup,72000,75000,85800
Oak Ridge Reservation (Off-Site),Defense Environmental Cleanup,5500,5900,5100
Office of River Protection,Defense Environmental Cleanup,1960168,2195011,1967198
Office of Scientific and Technical Information,Weapons Activities,579,620,680
Office of Scientific and Technical Information,Science,12684,12365,10994
Office of Scientific and Technical Information,Other Defense Activities,167,45,45
Ohio Field Office,Other Defense Activities,5,8,8
Pacific Northwest National Laboratory,Weapons Activities,112106,123349,124145
Pacific Northwest National Laboratory,Defense Nuclear Nonproliferation,269598,195261,238832
Pacific Northwest National Laboratory,Science,207993,227249,139253
Pacific Northwest National Laboratory,Critical Minerals and Energy Innovation,111681,115541,21455
Pacific Northwest National Laboratory,Electricity,59154,53300,48332
Pacific Northwest National Laboratory,Grid Deployment Office,0,0,-1000
Pacific Northwest National Laboratory,"Cybersecurity, Energy Security, and Emergency Response",15275,16450,12061
Pacific Northwest National Laboratory,Hydrocarbons and Geothermal Energy,12753,9044,5570
Pacific Northwest National Laboratory,Nuclear Energy,32244,34667,29315
Pacific Northwest National Laboratory,Nuclear Waste,320,375,375
Pacific Northwest National Laboratory,Other Defense Activities,1197,290,290
Pacific Northwest National Laboratory,Office of Technology Commercialization,50,0,0
Pacific Northwest Site Office,Science,6742,6514,5741
Paducah Gaseous Diffusion Plant,Defense Environmental Cleanup,33152,34601,36867
Paducah Gaseous Diffusion Plant,Non-Defense Environmental Cleanup,76317,70416,80804
Paducah Gaseous Diffusion Plant,Uranium Enrichment D&D,250390,243104,274366
Pantex Plant,Weapons Activities,1111123,1168039,1343674
Pantex Plant,Defense Nuclear Nonproliferation,19973,13932,14728
Pantex Plant,Other Defense Activities,0,321,321
Pantex Field Office,Weapons Activities,221,0,0
Pantex Field Office,Federal Salaries and Expenses,16918,16658,17613
Pinellas Site,Other Defense Activities,3452,3207,3092
Portsmouth Gaseous Diffusion Plant,Weapons Activities,58400,55000,76250
Portsmouth Gaseous Diffusion Plant,Nuclear Energy,30,0,0
Portsmouth Gaseous Diffusion Plant,Other Defense Activities,2500,2400,2300
Portsmouth Gaseous Diffusion Plant,Defense Environmental Cleanup,17763,17263,19231
Portsmouth Gaseous Diffusion Plant,Non-Defense Environmental Cleanup,71683,72110,77841
Portsmouth Gaseous Diffusion Plant,Uranium Enrichment D&D,503818,531666,499987
Princeton Plasma Physics Laboratory,Defense Nuclear Nonproliferation,205,366,308
Princeton Plasma Physics Laboratory,Science,104121,105954,104862
Princeton Site Office,Science,2463,2385,2108
Richland Operations Office,Defense Nuclear Nonproliferation,1887,1795,2153
Richland Operations Office,Federal Salaries and Expenses,0,7,7
Richland Operations Office,"Cybersecurity, Energy Security, and Emergency Response",3132,5100,3209
Richland Operations Office,Departmental Administration,100,100,100
Richland Operations Office,Other Defense Activities,482,510,510
Richland Operations Office,Defense Environmental Cleanup,53288,47579,49313
Rocky Flats Site,Other Defense Activities,31195,24919,24105
Rocky Flats Site,Defense Environmental Cleanup,100,100,100
Sandia National Laboratories,Weapons Activities,3000848,2699180,3495542
Sandia National Laboratories,Defense Nuclear Nonproliferation,327732,296518,336131
Sandia National Laboratories,Science,60484,60766,43358
Sandia National Laboratories,Critical Minerals and Energy Innovation,51622,52974,16441
Sandia National Laboratories,Electricity,47461,31372,30191
Sandia National Laboratories,"Cybersecurity, Energy Security, and Emergency Response",14730,16550,11832
Sandia National Laboratories,Hydrocarbons and Geothermal Energy,20229,10120,8049
Sandia National Laboratories,Petroleum Reserves,4092,4092,3956
Sandia National Laboratories,Nuclear Energy,27449,26741,23558
Sandia National Laboratories,Nuclear Waste,2000,2100,2200
Sandia National Laboratories,Other Defense Activities,7042,4859,4859
Sandia Field Office,Federal Salaries and Expenses,19831,20672,22074
Sandia Field Office,Defense Environmental Cleanup,2264,1030,1030
Savannah River National Laboratory,Weapons Activities,86571,46146,46302
Savannah River National Laboratory,Defense Nuclear Nonproliferation,67884,56451,56661
Savannah River National Laboratory,Federal Salaries and Expenses,168,168,168
Savannah River National Laboratory,Science,3100,3100,880
Savannah River National Laboratory,Critical Minerals and Energy Innovation,500,0,0
Savannah River National Laboratory,Electricity,1200,800,800
Savannah River National Laboratory,Nuclear Energy,8992,11485,6607
Savannah River National Laboratory,Other Defense Activities,516,615,615
Savannah River National Laboratory,Office of Technology Commercialization,44,0,0
Savannah River National Laboratory,Defense Environmental Cleanup,42000,100719,90719
Savannah River Operations Office,Weapons Activities,990,955,436
Savannah River Operations Office,Defense Nuclear Nonproliferation,38918,464,1062
Savannah River Operations Office,Federal Salaries and Expenses,12230,16342,17366
Savannah River Operations Office,Departmental Administration,10703,10730,9180
Savannah River Operations Office,Defense Environmental Cleanup,217261,104717,109408
Savannah River Site,Weapons Activities,1314566,1801487,3059975
Savannah River Site,Defense Nuclear Nonproliferation,39140,35656,57428
Savannah River Site,Nuclear Energy,2190,0,0
Savannah River Site,Defense Environmental Cleanup,1594672,1592557,1614120
Separations Process Research Unit,Defense Environmental Cleanup,1300,950,950
SLAC National Accelerator Laboratory,Weapons Activities,1180,60,180
SLAC National Accelerator Laboratory,Defense Nuclear Nonproliferation,275,275,210
SLAC National Accelerator Laboratory,Science,591035,607224,475558
SLAC National Accelerator Laboratory,Critical Minerals and Energy Innovation,13959,12039,4191
SLAC National Accelerator Laboratory,Electricity,2000,1000,1000
SLAC National Accelerator Laboratory,Office of Technology Commercialization,50,0,0
SLAC Site Office,Science,2573,2566,2288
Special Technologies Laboratory,Other Defense Activities,2720,3316,3316
Strategic Petroleum Reserve - Bayou Choctow,Petroleum Reserves,14606,16295,20226
Strategic Petroleum Reserve - Big Hill,Petroleum Reserves,20779,23182,25768
Strategic Petroleum Reserve - Bryan Mound,Petroleum Reserves,21279,23739,32779
Strategic Petroleum Reserve - West Hackberry,Petroleum Reserves,26344,29390,34890
Strategic Petroleum Reserve Project Office,Petroleum Reserves,18158,18996,22447
Thomas Jefferson National Accelerator Facility,Defense Nuclear Nonproliferation,711,676,650
Thomas Jefferson National Accelerator Facility,Science,196833,229681,214841
Thomas Jefferson National Accelerator Facility,Office of Technology Commercialization,100,0,0
Thomas Jefferson Site Office,Science,2541,2407,2105
Undesignated Lab/Plant/Installation,Critical Minerals and Energy Innovation,212869,65493,42750
University of Rochester,Weapons Activities,94839,111000,88028
Washington Headquarters,Weapons Activities,1236769,1793333,3336106
Washington Headquarters,Defense Nuclear Nonproliferation,209564,481240,250820
Washington Headquarters,Naval Reactors,56318,67369,76167
Washington Headquarters,Federal Salaries and Expenses,354867,382204,425122
Washington Headquarters,Fusion,0,0,10000
Washington Headquarters,Artificial Intelligence and Quantum,0,0,1200000
Washington Headquarters,Critical Minerals and Energy Innovation,520525,559924,265629
Washington Headquarters,Electricity,40081,22263,7213
Washington Headquarters,Grid Deployment Office,0,0,-1000
Washington Headquarters,"Cybersecurity, Energy Security, and Emergency Response",56647,56360,50927
Washington Headquarters,Hydrocarbons and Geothermal Energy,199862,119392,109201
Washington Headquarters,Petroleum Reserves,110407,92896,156774
Washington Headquarters,Nuclear Energy,165529,203844,93285
Washington Headquarters,Nuclear Waste,8824,8565,8465
Washington Headquarters,Departmental Administration,549860,457254,534942
Washington Headquarters,Other Defense Activities,755778,810873,845753
Washington Headquarters,Office of Technology Commercialization,14825,0,19500
Washington Headquarters,Advanced Research Projects Agency - Energy,460000,350000,200292
Washington Headquarters,Title XVII Loan Guarantee,53500,34100,57770
Washington Headquarters,Tribal Energy Loan Guarantee,6290,6300,2000
Washington Headquarters,Advanced Technology Vehicles Manufacturing Loan,12800,9400,9400
Washington Headquarters,Defense Environmental Cleanup,197632,159643,149392
Washington Headquarters,Non-Defense Environmental Cleanup,5000,0,0
Washington Headquarters,Uranium Enrichment D&D,0,5115,5115
Washington Headquarters,Office of Clean Energy Demonstrations,50000,0,0
Washington Headquarters,Inspector General,86000,90000,77400
Waste Isolation Pilot Plant,Weapons Activities,634,500,0
Waste Isolation Pilot Plant,Defense Nuclear Nonproliferation,7108,6071,8547
Waste Isolation Pilot Plant,Defense Environmental Cleanup,489520,420000,472020
Weldon Spring Site Office,Other Defense Activities,4473,2217,2242
West Valley Demonstration Project,Defense Environmental Cleanup,7808,7589,7988
West Valley Demonstration Project,Non-Defense Environmental Cleanup,89880,89880,89880
Western Area Power Administration Office,Western Area Power Administration,1100214,1182707,1058573
Western Area Power Administration Office,Falcon & Amistad Operating & Maintenance,8110,10582,8294
Western Area Power Administration Office,Colorado River Basins Power Marketing Fund (CRBPMF),584231,451681,401722
Y-12 National Security Complex,Weapons Activities,2715071,2359117,2448735
Y-12 National Security Complex,Defense Nuclear Nonproliferation,67686,63362,96979
Y-12 National Security Complex,Science,275,0,0
Y-12 National Security Complex,Other Defense Activities,1960,1016,1016
Y-12 National Security Complex,Office of Technology Commercialization,100,0,0
Y-12 Field Office,Weapons Activities,23998,79160,13500
Y-12 Field Office,Federal Salaries and Expenses,19459,18218,20151
Y-12 Field Office,Defense Environmental Cleanup,57000,58185,61328
Other,Science,1920942,1817867,1505732
Other,Critical Minerals and Energy Innovation,416000,419000,0
Other,Electricity,11832,19693,21299
Other,Petroleum Reserves,6075,6075,3037
Undesignated LPI,Science,736941,778622,606457
Undesignated LPI,Critical Minerals and Energy Innovation,24073,280674,262600
Undesignated LPI,Electricity,43622,45409,26274
Undesignated LPI,Baseload Power,0,0,3500000
Undesignated LPI,Nuclear Energy,293365,212136,119587
Undesignated LPI,Departmental Administration,0,13000,2000
Undesignated LPI,Other Defense Activities,202782,209676,187475
Undesignated LPI,Office of Technology Commercialization,976,0,7055
Undesignated LPI,Indian Energy Policy and Programs,70000,65000,50038
Undesignated LPI,Title XVII Loan Guarantee,0,150000,200000
Undesignated LPI,Defense Uranium Enrichment D&D,285000,0,253000
Undesignated LPI,Southeastern Power Administration,94468,105030,105030
Undesignated LPI,SWPA,182891,201887,196158
Undesignated LPI,Southwestern Power Administration,182891,201887,196158
Undesignated LPI,Other (not under office subtotal),337109,415670,323842
Washington Headquarters,Other (not under office subtotal),135000,135000,138370
